enrollmentNo,studentName,branchCode,admissionYear
236200316165,RANK ISH CHETANBHAI,16,2023
246200316001,AKHAI ISMAILYUSUFBHAI,16,2024
246200316002,AMBALIYA JAINIL,16,2024
246200316003,AMRELIYA VATSAL,16,2024
246200316004,ANJANI SATYAJEET,16,2024
246200316005,BALDHA RUDRA,16,2024
246200316006,BAMBHANIYA MAHENDRA,16,2024
246200316007,BARAD RUSHIKUMAR,16,2024
246200316008,BARAD RUSHIRAJ,16,2024
246200316010,BARAIYA HARSH,16,2024
246200316012,BHALALA HEPIN RITESHBHAI,16,2024
246200316013,BHALGAMIYA JAY,16,2024
246200316014,BHANDERI FALGUN,16,2024
246200316015,BHARADVA DRASHTI,16,2024
246200316016,BHATT KRISH DURGESHBHAI,16,2024
246200316018,BHAYANI KRISHA NIRAVBHAI,16,2024
246200316019,BHEDAJENISH SANJAYBHAI,16,2024
246200316024,BUMTARIYA VRAJ,16,2024
246200316026,CHANDRA DHAIRYA,16,2024
246200316027,CHAUHAN AKSHAYKUMAR,16,2024
246200316028,CHAUHAN DHARMIK,16,2024
246200316031,CHAUHAN TUSHAR,16,2024
246200316032,CHAVDA DEV PRAVINBHAI,16,2024
246200316033,CHAVDA HARSHKUMAR,16,2024
246200316034,CHAVDA HETVI SANDIPBHAI,16,2024
246200316035,CHAVDA KRISHABEN,16,2024
246200316038,CHITRODA UTSAV,16,2024
246200316039,CHOTALIYAJENIL,16,2024
246200316040,CHOTHANI MONIL,16,2024
246200316041,CHOVATIYA YUG,16,2024
246200316044,DABHI YASH PRAKASHBHAI,16,2024
246200316046,DASANI RAJ VISHNU,16,2024
246200316047,DESHANI MOHIT,16,2024
246200316049,DHOLA DEVANG HARESHBHAI,16,2024
246200316050,DHRANGU ANIL,16,2024
246200316052,DOBARIYA KHUSH VIJAYBHAI,16,2024
246200316054,DOSANI ADNAN SALIMBHAI,16,2024
246200316058,GAJROTAR KEYUR JAYANTIBHAI,16,2024
246200316059,GAREJA NIRALIBEN JAMANBHAI,16,2024
246200316060,GHORECHA DIVYESH ANILBHAI,16,2024
246200316061,GIRNARI JAY ASHWIN,16,2024
246200316062,GIRNARI RUDRAKSH JAYANT,16,2024
246200316063,GOHEL DHRUVI RAJNISHBHAI,16,2024
246200316064,GOHIL DHARMVIRSINH AJAYSINH,16,2024
246200316066,GOL EKTA RAMESHBHAI,16,2024
246200316067,GORFAD KULDIP ARJAN,16,2024
246200316068,HALVADIYA MOHIT ALKESHBHAI,16,2024
246200316069,HIRPARA JEET BHUPATBHAI,16,2024
246200316072,JADEJA LAKIRAJSINH KISHORSINH,16,2024
246200316076,JAVIA NEEL SANJAYBHAI,16,2024
246200316077,JOSHI RUSHI VIPULBHAI,16,2024
246200316079,KADARI MAHMAD REHAN,16,2024
246200316081,KAKADIYA VIRAJ KALPESHBHAI,16,2024
246200316083,KAMALIYA MOSIN SAHIDBHAI,16,2024
246200316084,KAMANI RACHITA GOPALBHAI,16,2024
246200316085,KAMARIYA RIDHAM SANJAYBHAI,16,2024
246200316087,KANDU ABHIJEET BHAVESH,16,2024
246200316089,KANZARIYA DEEPKUMAR,16,2024
246200316090,KANZARIYA DHRUV BHAVESHBHAI,16,2024
246200316091,KANZARIYA NAYAN VASANTBHAI,16,2024
246200316092,KARANGIYA VANSHIKA,16,2024
246200316093,KASMANI MO.SAKIR,16,2024
246200316094,KHER DHRUVIK,16,2024
246200316095,KODIYATAR AMITKUMAR,16,2024
246200316097,KORIYA HIRAL,16,2024
246200316098,KUNPARA VANSH,16,2024
246200316099,LIMBAD DHARVI NITESHBHAI,16,2024
246200316100,MAHETA BHARGAV,16,2024
246200316101,MAHETA TRISHA VIKASBHAI,16,2024
246200316102,MAHYAVANSHI,16,2024
246200316103,MAJITHIYA NEEV AMIT,16,2024
246200316105,MAKVANA MAHESH,16,2024
246200316107,MAKWANA MEET,16,2024
246200316108,MAKWANA MIHIR DIPAKBHAI,16,2024
246200316110,MAKWANA YASH,16,2024
246200316111,MANANI SHRADDHA,16,2024
246200316112,MANDALIYA BHAVYA,16,2024
246200316113,MANEK VIKRAJ,16,2024
246200316116,MARU SARTH NARESHBHAI,16,2024
246200316117,MAYATRA PARTH,16,2024
246200316118,MEGHNATHI JAYDIPGIRI,16,2024
246200316120,NAKUM ABHAY GIRDHARBHAI,16,2024
246200316121,NAKUM JANAK HIRABHAI,16,2024
246200316123,NAKUM MANSI BALVANT,16,2024
246200316124,NAKUM NIRAJ KIRITBHAI,16,2024
246200316125,NANANI HARSHIT,16,2024
246200316129,NIRAV GADHAVANA,16,2024
246200316130,ODEDARA NIRAJKUMAR,16,2024
246200316131,PARAMAR KEVAL GOPALBHAI,16,2024
246200316132,Parasaniya Shivamkumar,16,2024
246200316134,PARMAR DEVANG BHANJI,16,2024
246200316135,PARMAR HARDIK HARISHBHAI,16,2024
246200316136,PARMAR HARDIK SHAMJIBHAI,16,2024
246200316137,PARMAR JIGAR ATULKUMAR,16,2024
246200316138,PARMAR PRASHANTKUMAR,16,2024
246200316139,PARMAR SOHAN GIRISH BHAI,16,2024
246200316140,PARMAR TRIPAL BHARATBHAI,16,2024
246200316143,DATTANI PARTH SURESHBHAI,16,2024
246200316144,PARVA BHATT,16,2024
246200316145,PATEL GARGI NIRMALBHAI,16,2024
246200316146,PATEL PRINSI CHIPSHAN,16,2024
246200316147,PINDARIYA HITEN DINESH,16,2024
246200316148,PIPAROTAR MAHESH PRAVINBHAI,16,2024
246200316149,PIPROTAR DIP GOVINDBHAI,16,2024
246200316151,PIPROTAR PRINCE PANKAJBHAI,16,2024
246200316152,PITHADIYA HENIL RAJENDRABHAI,16,2024
246200316156,RATHOD KEVALKUMAR,16,2024
246200316157,RAVAL NISARG ASHISHBHAI,16,2024
246200316158,RAVAT RAHUL HEMANTBHAI,16,2024
246200316160,ROSHIYA AJAY BHIKHUBHAI,16,2024
246200316161,RUDRAJIT VAINSH,16,2024
246200316162,Rupchandani Dhairya Kanaiyalal,16,2024
246200316165,SARENA DEV BRIJESHBHAI,16,2024
246200316166,SARSAVADIYA CHANDRESH,16,2024
246200316167,SARTANPARA ANKITBHAI,16,2024